	All	Annotated	Significant	Annotated significant
All	1			
Annotated	0.6761904761904761	1		
Significant	1.0	0.27146464646464646	1	
Annotated significant	0.6666666666666666	1.0	0.5	1
