Amino_acid	Cum_freq	Organ
A	0.125918308394228	root
G	0.106735608697314	root
V	0.077854874840724	root
S	0.077399820419289	root
L	0.075230566570356	root
T	0.059804240346027	root
D	0.056931905128708	root
P	0.052854899360552	root
N	0.049510239093801	root
R	0.042006697675202	root
F	0.039012004831605	root
E	0.038181627646129	root
I	0.034834719767423	root
K	0.033800693669909	root
Q	0.032055697772948	root
Y	0.029444967555419	root
C	0.025122006898839	root
H	0.021027739638269	root
M	0.015055200529134	root
W	0.014473339609946	root
A	0.095160628437497	shoot
G	0.090922354195863	shoot
V	0.081231188346138	shoot
L	0.077960919346649	shoot
S	0.07137694499464	shoot
K	0.066671502617124	shoot
T	0.062169181107596	shoot
E	0.061744309254629	shoot
D	0.056568754926562	shoot
P	0.052337420469827	shoot
I	0.051664239920019	shoot
R	0.046177947888801	shoot
F	0.041061494767434	shoot
N	0.035628426703628	shoot
Y	0.028616869732053	shoot
Q	0.028083149446617	shoot
M	0.019915223165134	shoot
H	0.012799432189354	shoot
C	0.011890279137948	shoot
W	0.010323397867914	shoot
